"0","median_ride <- bike_merged |> "
"0","  mutate("
"0","    month = as.factor(month),"
"0","    weekdays = factor(weekdays, "
"0","              levels = c(""Monday"", ""Tuesday"", ""Wednesday"", ""Thursday"", "
"0","                         ""Friday"", ""Saturday"", ""Sunday""))"
"0","  ) |> "
"0","  group_by(year, month, weekdays) |> "
"0","  summarise(median_dur = median(duration))"
"1","[38;5;232m`summarise()` has grouped output by 'year', 'month'. You can override using the `.groups` argument.[39m
"
"0","ggplot(median_ride, aes(x = weekdays, y = median_dur, color = month)) + "
"0","  geom_line(aes(group = month)) + "
"0","  geom_point() + "
"0","  facet_grid(. ~ year) + "
"0","  labs(title = ""Median Ride Duration by Day, Month, and Year"", "
"0","       x = ""Weekdays"","
"0","       y = ""Median Ride Duration"") + "
"0","  theme(legend.position = ""bottom"")"
